ID,Job Title,Email Address,FirstName LastName
1,Auditor,Daron_Wilcox9308@gompie.com,Daron Wilcox
2,Associate Professor,Zoe_Tyrrell8628@guentu.biz,Zoe Tyrrell
3,Steward,Melinda_Carpenter7026@typill.biz,Melinda Carpenter
4,Healthcare Specialist,Johnathan_Morgan4770@ubusive.com,Johnathan Morgan
5,Dentist,Rebecca_Price8895@eirey.tech,Rebecca Price
6,HR Coordinator,Ilona_Potter7007@iatim.tech,Ilona Potter
7,Project Manager,Russel_Camden8073@hourpy.biz,Russel Camden
8,Dentist,Tyler_Morris7877@womeona.net,Tyler Morris
9,Pharmacist,Jazmin_Dann9453@supunk.biz,Jazmin Dann
10,Steward,Havana_Cassidy9781@qater.org,Havana Cassidy
11,Webmaster,Sarah_Rehman761@infotech44.tech,Sarah Rehman
12,Treasurer,Domenic_Ballard2724@nickia.com,Domenic Ballard
13,Cashier,Nick_Kerr8534@supunk.biz,Nick Kerr
14,Executive Director,Mark_Button7048@hourpy.biz,Mark Button
15,Stockbroker,Eduardo_Wilson7120@vetan.org,Eduardo Wilson
16,Paramedic,Gina_Neal5628@twipet.com,Gina Neal
17,Inspector,Liv_Price9157@infotech44.tech,Liv Price
18,Webmaster,Mike_Hilton6610@iatim.tech,Mike Hilton
19,Web Developer,Alan_Rust7116@twipet.com,Alan Rust
20,Electrician,Harriet_Lomax624@eirey.tech,Harriet Lomax
21,CNC Operator,Margot_Evans6742@joiniaa.com,Margot Evans
22,Global Logistics Supervisor,Madison_Yard3912@guentu.biz,Madison Yard
23,Web Developer,Stephanie_Flett5387@gembat.biz,Stephanie Flett
24,Stockbroker,Abbey_Bolton3413@womeona.net,Abbey Bolton
25,Designer,Chester_Hall507@guentu.biz,Chester Hall
26,Inspector,Cedrick_Holmes427@bungar.biz,Cedrick Holmes
27,Front Desk Coordinator,Alexander_Richards2918@bungar.biz,Alexander Richards
28,Insurance Broker,Eve_Henderson6381@womeona.net,Eve Henderson
29,Associate Professor,Tony_Baker4637@eirey.tech,Tony Baker
30,Global Logistics Supervisor,Margaret_Bryant3944@cispeto.com,Margaret Bryant
31,Stockbroker,Julius_Cavanagh6759@elnee.tech,Julius Cavanagh
32,Biologist,Marvin_Hooper4346@nanoff.biz,Marvin Hooper
33,Electrician,Maya_Little4099@mafthy.com,Maya Little
34,Pharmacist,Caleb_Sherry2698@typill.biz,Caleb Sherry
35,Paramedic,Martha_Wellington6817@bretoux.com,Martha Wellington
36,Cashier,Eileen_Hamilton1395@irrepsy.com,Eileen Hamilton
37,Project Manager,Aurelia_Shepherd3242@fuliss.net,Aurelia Shepherd
38,Electrician,Erick_Bishop2362@naiker.biz,Erick Bishop
39,Stockbroker,Aisha_Lindsay8473@acrit.org,Aisha Lindsay
40,Production Painter,Angelica_Thomas970@naiker.biz,Angelica Thomas
41,Front Desk Coordinator,Tom_Whatson5446@twace.org,Tom Whatson
42,Project Manager,Caleb_Cox44@gmail.com,Caleb Cox
43,Front Desk Coordinator,Mya_Malone2467@vetan.org,Mya Malone
44,Systems Administrator,Owen_Vallory9383@qater.org,Owen Vallory
45,Associate Professor,Russel_Welsch3459@womeona.net,Russel Welsch
46,Front Desk Coordinator,Tom_Squire4422@infotech44.tech,Tom Squire
47,Mobile Developer,Britney_Sylvester7581@tonsy.org,Britney Sylvester
48,Software Engineer,Rocco_Brock5572@corti.com,Rocco Brock
49,IT Support Staff,Tara_Emmett8752@twipet.com,Tara Emmett
50,Doctor,Luke_Uttley8551@bretoux.com,Luke Uttley
51,Clerk,Danny_Walsh1301@muall.tech,Danny Walsh
52,Retail Trainee,Celia_Riley4663@nimogy.biz,Celia Riley
53,Accountant,Rosalie_Dillon4403@twipet.com,Rosalie Dillon
54,Bellman,Georgia_Beal98@guentu.biz,Georgia Beal
55,CNC Operator,Chris_Lakey1419@gembat.biz,Chris Lakey
56,Inspector,Johnathan_Allwood102@tonsy.org,Johnathan Allwood
57,Investment  Advisor,Caleb_Mason5225@acrit.org,Caleb Mason
58,Service Supervisor,Thea_Paterson4658@grannar.com,Thea Paterson
59,Executive Director,Mike_Seymour819@hourpy.biz,Mike Seymour
60,Assistant Buyer,Benny_Kidd8348@atink.com,Benny Kidd
61,Systems Administrator,Valentina_Powell2132@cispeto.com,Valentina Powell
62,Software Engineer,Nicholas_Yarwood9683@nanoff.biz,Nicholas Yarwood
63,Stockbroker,Michelle_Russel3924@atink.com,Michelle Russel
64,Staffing Consultant,Clint_Archer3803@kideod.biz,Clint Archer
65,Health Educator,Maria_Radcliffe1960@bretoux.com,Maria Radcliffe
66,Electrician,Mona_Lindop333@brety.org,Mona Lindop
67,Paramedic,Catherine_Griffiths6641@typill.biz,Catherine Griffiths
68,Health Educator,Julian_Baker3812@eirey.tech,Julian Baker
69,Cash Manager,Daron_Fulton9065@ubusive.com,Daron Fulton
70,Doctor,Francesca_Uttridge2565@typill.biz,Francesca Uttridge
71,Fabricator,Juliette_Chester2370@twipet.com,Juliette Chester
72,Baker,Kurt_Rehman566@cispeto.com,Kurt Rehman
73,Chef Manager,Alexander_Hunter6929@infotech44.tech,Alexander Hunter
74,Stockbroker,Gabriel_Parker5400@bulaffy.com,Gabriel Parker
75,Retail Trainee,Enoch_Flack7395@typill.biz,Enoch Flack
76,Software Engineer,Benjamin_Thomson8391@womeona.net,Benjamin Thomson
77,Associate Professor,Abbey_Hobbs8597@fuliss.net,Abbey Hobbs
78,Budget Analyst,Peyton_Rigg9044@corti.com,Peyton Rigg
79,Loan Officer,Caleb_Poole8875@elnee.tech,Caleb Poole
80,HR Specialist,Andrea_Garner10@yahoo.com,Andrea Garner
81,Software Engineer,Margaret_Saunders4493@supunk.biz,Margaret Saunders
82,Electrician,Logan_Holt3717@kideod.biz,Logan Holt
83,Cash Manager,Chuck_Hastings1730@extex.org,Chuck Hastings
84,Retail Trainee,Joyce_Nanton5922@typill.biz,Joyce Nanton
85,HR Coordinator,Enoch_Patel658@hourpy.biz,Enoch Patel
86,Bookkeeper,Megan_Seymour9147@gembat.biz,Megan Seymour
87,IT Support Staff,David_Whatson9113@liret.org,David Whatson
88,Web Developer,Diane_Nicolas6276@mafthy.com,Diane Nicolas
89,Global Logistics Supervisor,Felicity_Cowan8763@naiker.biz,Felicity Cowan
90,Doctor,Gil_Ring6988@gompie.com,Gil Ring
91,Executive Director,Trisha_Gunn3770@mafthy.com,Trisha Gunn
92,Electrician,Nina_Matthews6664@deavo.com,Nina Matthews
93,Operator,Mark_Milner3970@supunk.biz,Mark Milner
94,Retail Trainee,Jessica_Butler7485@bretoux.com,Jessica Butler
95,Accountant,Noah_Long4075@nimogy.biz,Noah Long
96,Mobile Developer,Abdul_Khan2159@liret.org,Abdul Khan
97,Laboratory Technician,Skylar_Horton8562@ovock.tech,Skylar Horton
98,Executive Director,Roger_Owens7290@yahoo.com,Roger Owens
99,Software Engineer,Rocco_Newman5688@corti.com,Rocco Newman
100,Audiologist,Eduardo_Palmer7776@famism.biz,Eduardo Palmer
101,Bookkeeper,Brad_Knight6184@twace.org,Brad Knight
102,Design Engineer,Benjamin_Rowlands4281@jiman.org,Benjamin Rowlands
103,Cash Manager,Denny_Bolton9745@dionrab.com,Denny Bolton
104,Service Supervisor,Naomi_Vollans9367@bauros.biz,Naomi Vollans
105,Staffing Consultant,Stella_Blackburn2399@sheye.org,Stella Blackburn
106,Front Desk Coordinator,Denny_Holmes2807@deons.tech,Denny Holmes
107,Webmaster,Valentina_Miller1923@supunk.biz,Valentina Miller
108,Audiologist,Alan_Rosenbloom802@jiman.org,Alan Rosenbloom
109,HR Specialist,Nick_Boyle470@bungar.biz,Nick Boyle
110,Treasurer,Alexander_Kent8340@twace.org,Alexander Kent
111,Software Engineer,Barney_Harvey7767@dionrab.com,Barney Harvey
112,Stockbroker,Matt_Walsh6070@kideod.biz,Matt Walsh
113,Cash Manager,Evelynn_Patel4692@corti.com,Evelynn Patel
114,Cash Manager,Lucas_Shields1541@liret.org,Lucas Shields
115,Health Educator,Emery_Shields2927@irrepsy.com,Emery Shields
116,Designer,Julius_Walker7799@womeona.net,Julius Walker
117,Budget Analyst,Carla_Morris6553@eirey.tech,Carla Morris
118,Service Supervisor,Domenic_Chester8815@bauros.biz,Domenic Chester
119,Investment  Advisor,Nate_White156@womeona.net,Nate White
120,Physician,Rufus_Carson5297@gmail.com,Rufus Carson
121,Physician,Maya_Ryan340@elnee.tech,Maya Ryan
122,Pharmacist,Vera_Ellery9099@bulaffy.com,Vera Ellery
123,Design Engineer,Margaret_Nobbs4263@bretoux.com,Margaret Nobbs
124,Cashier,Bob_Lloyd1582@yahoo.com,Bob Lloyd
125,Auditor,Chester_Johnson2057@bretoux.com,Chester Johnson
126,Chef Manager,Gabriel_Wigley3913@nanoff.biz,Gabriel Wigley
127,Machine Operator,Harvey_Adams2252@hourpy.biz,Harvey Adams
128,Fabricator,Florence_Shields5012@nickia.com,Florence Shields
129,Clerk,Tyler_Watson138@gembat.biz,Tyler Watson
130,Doctor,Johnny_Robertson4153@twace.org,Johnny Robertson
131,Call Center Representative,Juliet_Eagle988@irrepsy.com,Juliet Eagle
132,Mobile Developer,Anthony_Edmonds4186@deavo.com,Anthony Edmonds
133,HR Coordinator,Barney_Hunter2957@fuliss.net,Barney Hunter
134,Executive Director,Lorraine_Edwards2413@iatim.tech,Lorraine Edwards
135,Stockbroker,Luke_Shaw4696@nanoff.biz,Luke Shaw
136,Doctor,Daron_Cork6877@mafthy.com,Daron Cork
137,Project Manager,Robyn_Thomas5403@infotech44.tech,Robyn Thomas
138,Audiologist,Javier_Devonport7159@twace.org,Javier Devonport
139,Laboratory Technician,Carter_Ellis8322@deavo.com,Carter Ellis
140,Systems Administrator,Domenic_Snow9597@jiman.org,Domenic Snow
141,Dentist,Gil_Healy6160@tonsy.org,Gil Healy
142,Treasurer,Maxwell_Young7396@eirey.tech,Maxwell Young
143,Systems Administrator,Chester_Hogg7665@typill.biz,Chester Hogg
144,Auditor,David_Stevenson6898@acrit.org,David Stevenson
145,Mobile Developer,Molly_Roman9570@bulaffy.com,Molly Roman
146,Global Logistics Supervisor,Aurelia_Potter8146@irrepsy.com,Aurelia Potter
147,Banker,Skylar_Cobb9433@bulaffy.com,Skylar Cobb
148,Biologist,Eryn_Flynn3402@yahoo.com,Eryn Flynn
149,Cash Manager,Agnes_Roman7692@famism.biz,Agnes Roman
150,Bookkeeper,Nathan_Clifton5449@dionrab.com,Nathan Clifton
151,Treasurer,Denis_Lewis3052@extex.org,Denis Lewis
152,Web Developer,Chuck_Powell5478@hourpy.biz,Chuck Powell
153,Staffing Consultant,Anthony_Harrison3569@dionrab.com,Anthony Harrison
154,Budget Analyst,Valerie_Gilmore321@nickia.com,Valerie Gilmore
155,Production Painter,Chuck_Shelton6047@famism.biz,Chuck Shelton
156,Designer,Jasmine_Warden1695@twace.org,Jasmine Warden
157,Call Center Representative,Mara_Knott5068@atink.com,Mara Knott
158,Service Supervisor,Dakota_Nicholls6002@jiman.org,Dakota Nicholls
159,CNC Operator,Luke_Quinn7482@extex.org,Luke Quinn
160,Audiologist,Remy_Furnell4141@nimogy.biz,Remy Furnell
161,Fabricator,Harry_Sawyer6149@gmail.com,Harry Sawyer
162,Associate Professor,Carmen_Sloan1202@brety.org,Carmen Sloan
163,Lecturer,Makenzie_Wren2954@nanoff.biz,Makenzie Wren
164,Executive Director,Ronald_Rixon9250@iatim.tech,Ronald Rixon
165,Insurance Broker,Tyson_Andrews8666@brety.org,Tyson Andrews
166,HR Coordinator,Wade_Gardner3535@gmail.com,Wade Gardner
167,Laboratory Technician,Sebastian_Fields7489@acrit.org,Sebastian Fields
168,Healthcare Specialist,Juliet_Harrison5648@atink.com,Juliet Harrison
169,Stockbroker,Chester_Hunter2477@brety.org,Chester Hunter
170,Design Engineer,Barry_Roth3140@qater.org,Barry Roth
171,Bellman,Mina_Evans4820@liret.org,Mina Evans
172,Laboratory Technician,Fiona_Knight5102@nanoff.biz,Fiona Knight
173,Budget Analyst,Tom_Davies7335@muall.tech,Tom Davies
174,Loan Officer,Hadley_Pope4856@famism.biz,Hadley Pope
175,Global Logistics Supervisor,Ilona_Morris9300@fuliss.net,Ilona Morris
176,Lecturer,Erick_Ashwell4155@deavo.com,Erick Ashwell
177,Front Desk Coordinator,Hayden_Jeffery1958@elnee.tech,Hayden Jeffery
178,Doctor,Daron_Williams6893@nimogy.biz,Daron Williams
179,Project Manager,Trisha_Rosenbloom1838@supunk.biz,Trisha Rosenbloom
180,Executive Director,Adeline_Hill245@bauros.biz,Adeline Hill
181,Food Technologist,Crystal_Ianson5488@bungar.biz,Crystal Ianson
182,Cook,Marvin_Bullock6741@gmail.com,Marvin Bullock
183,Fabricator,Boris_Matthews3450@eirey.tech,Boris Matthews
184,Lecturer,Bart_Alcroft7227@guentu.biz,Bart Alcroft
185,Clerk,Lorraine_Lynn7389@brety.org,Lorraine Lynn
186,Call Center Representative,Noemi_Farmer579@tonsy.org,Noemi Farmer
187,Assistant Buyer,Julius_Penn6085@nanoff.biz,Julius Penn
188,Budget Analyst,Chadwick_Snow6996@yahoo.com,Chadwick Snow
189,HR Coordinator,Jennifer_Squire5881@elnee.tech,Jennifer Squire
190,Production Painter,John_Ellis8008@infotech44.tech,John Ellis
191,Banker,Mike_Redden506@yahoo.com,Mike Redden
192,Stockbroker,Dasha_Randall5369@muall.tech,Dasha Randall
193,Front Desk Coordinator,Thea_Sheldon4226@nanoff.biz,Thea Sheldon
194,Web Developer,Kirsten_Fields7694@qater.org,Kirsten Fields
195,HR Coordinator,Moira_Mann3396@kideod.biz,Moira Mann
196,Loan Officer,Irene_Vernon8608@nickia.com,Irene Vernon
197,Laboratory Technician,Michelle_Yoman1941@zorer.org,Michelle Yoman
198,Business Broker,Denny_Bayliss7157@liret.org,Denny Bayliss
199,Stockbroker,Hank_Barrett7794@vetan.org,Hank Barrett
200,Restaurant Manager,Ethan_Stubbs217@nanoff.biz,Ethan Stubbs
201,Laboratory Technician,Chris_Matthews6169@vetan.org,Chris Matthews
202,Service Supervisor,Camila_Curtis5135@twipet.com,Camila Curtis
203,Web Developer,Kieth_Dann4199@muall.tech,Kieth Dann
204,Executive Director,Abbey_Ingram4690@womeona.net,Abbey Ingram
205,Treasurer,Tony_Squire6250@deavo.com,Tony Squire
206,Chef Manager,David_Russel3725@dionrab.com,David Russel
207,Cashier,Camila_Upsdell9576@qater.org,Camila Upsdell
208,Business Broker,Emery_Mould4380@mafthy.com,Emery Mould
209,Steward,Lauren_Malone4436@ubusive.com,Lauren Malone
210,Fabricator,Esmeralda_Adams3797@typill.biz,Esmeralda Adams
211,Audiologist,Fiona_Ellis8392@deons.tech,Fiona Ellis
212,Accountant,Elly_Uddin6108@sveldo.biz,Elly Uddin
213,Insurance Broker,Lauren_Hunt962@acrit.org,Lauren Hunt
214,Baker,Sylvia_James6707@grannar.com,Sylvia James
215,Inspector,Ramon_Hall3400@liret.org,Ramon Hall
216,Chef Manager,Emma_Powell2557@cispeto.com,Emma Powell
217,Banker,Monica_Boden6993@sveldo.biz,Monica Boden
218,Executive Director,Peter_Reid3665@nimogy.biz,Peter Reid
219,Electrician,William_Swan7433@fuliss.net,William Swan
220,Loan Officer,Enoch_Powell8242@zorer.org,Enoch Powell
221,Health Educator,Aileen_Price5147@nanoff.biz,Aileen Price
222,IT Support Staff,Emely_Snow6940@atink.com,Emely Snow
223,Food Technologist,Ivy_Hale7867@infotech44.tech,Ivy Hale
224,Design Engineer,Harry_Mills1898@muall.tech,Harry Mills
225,Business Broker,Cadence_Camden2668@ubusive.com,Cadence Camden
226,Loan Officer,Percy_Addley1251@twipet.com,Percy Addley
227,Web Developer,Shay_Clarke4304@bulaffy.com,Shay Clarke
228,Front Desk Coordinator,Thea_Doherty2234@bauros.biz,Thea Doherty
229,Restaurant Manager,Sofie_Pond6265@irrepsy.com,Sofie Pond
230,Systems Administrator,Analise_Denton3835@joiniaa.com,Analise Denton
231,Healthcare Specialist,Camden_Swift5009@sheye.org,Camden Swift
232,Electrician,Michaela_Ranks1554@vetan.org,Michaela Ranks
233,Bookkeeper,Lindsay_Rixon1303@hourpy.biz,Lindsay Rixon
234,Cashier,Josh_Dobson5791@sveldo.biz,Josh Dobson
235,Loan Officer,Adalind_Lakey1217@ubusive.com,Adalind Lakey
236,Bookkeeper,Kurt_Rehman8030@atink.com,Kurt Rehman
237,Food Technologist,Jane_Booth8469@grannar.com,Jane Booth
238,Inspector,Liv_Butler15@qater.org,Liv Butler
239,Lecturer,Mason_Warner6653@dionrab.com,Mason Warner
240,Mobile Developer,Johnathan_Spencer9857@gompie.com,Johnathan Spencer
241,Ambulatory Nurse,George_Randall3211@gmail.com,George Randall
242,Bellman,Chuck_Riley9799@twace.org,Chuck Riley
243,Audiologist,Allison_Tobin673@iatim.tech,Allison Tobin
244,Software Engineer,Carter_Todd791@womeona.net,Carter Todd
245,Electrician,Cecilia_Benfield2508@eirey.tech,Cecilia Benfield
246,Biologist,Matt_Emmott7496@kideod.biz,Matt Emmott
247,Design Engineer,Martin_Welsch7319@infotech44.tech,Martin Welsch
248,Treasurer,Oliver_Eaton4193@gembat.biz,Oliver Eaton
249,Designer,Chris_Michael9812@ubusive.com,Chris Michael
250,Bellman,Nicholas_Wade8628@muall.tech,Nicholas Wade
251,Dentist,Enoch_Oliver2999@acrit.org,Enoch Oliver
252,Executive Director,Tess_Moore3547@brety.org,Tess Moore
253,Physician,Emma_Lunt5640@jiman.org,Emma Lunt
254,Fabricator,Leroy_Oatway1311@dionrab.com,Leroy Oatway
255,Ambulatory Nurse,Catherine_Wright6375@brety.org,Catherine Wright
256,Inspector,Audrey_Mcgee3659@muall.tech,Audrey Mcgee
257,Restaurant Manager,Martha_Edler4094@brety.org,Martha Edler
258,Clerk,Belinda_Yates720@cispeto.com,Belinda Yates
259,Executive Director,Russel_Gates941@deavo.com,Russel Gates
260,Front Desk Coordinator,Nicole_Haines9440@bulaffy.com,Nicole Haines
261,Audiologist,Deborah_Mackenzie8860@supunk.biz,Deborah Mackenzie
262,HR Specialist,Rita_Dunbar7560@supunk.biz,Rita Dunbar
263,Electrician,Lauren_Kent3821@grannar.com,Lauren Kent
264,Bellman,Johnny_Briggs2744@ovock.tech,Johnny Briggs
265,Steward,Hayden_Oakley5846@fuliss.net,Hayden Oakley
266,Staffing Consultant,Alexa_Bradley5416@infotech44.tech,Alexa Bradley
267,Mobile Developer,Johnathan_Poole4961@famism.biz,Johnathan Poole
268,Fabricator,Iris_Russell2610@joiniaa.com,Iris Russell
269,Paramedic,Ramon_Warner4607@bungar.biz,Ramon Warner
270,Clerk,Javier_Wright7080@naiker.biz,Javier Wright
271,Staffing Consultant,Jack_Terry5445@jiman.org,Jack Terry
272,Web Developer,Charlize_Stewart8401@qater.org,Charlize Stewart
273,Treasurer,Amelia_Dunbar7470@twace.org,Amelia Dunbar
274,Retail Trainee,Alexander_Hopkinson7764@deavo.com,Alexander Hopkinson
275,Accountant,Gabriel_Redfern59@infotech44.tech,Gabriel Redfern
276,Clerk,Alexander_Vincent9132@extex.org,Alexander Vincent
277,Cash Manager,Harry_Bristow8837@dionrab.com,Harry Bristow
278,Doctor,William_Fall5397@muall.tech,William Fall
279,Accountant,Alex_London1028@cispeto.com,Alex London
280,Dentist,Julian_Heaton873@gembat.biz,Julian Heaton
281,Paramedic,Natalie_Ralph9539@jiman.org,Natalie Ralph
282,Banker,Cedrick_Walsh6360@irrepsy.com,Cedrick Walsh
283,Accountant,Carmen_Stone1697@grannar.com,Carmen Stone
284,Paramedic,Bryce_Knott8989@nimogy.biz,Bryce Knott
285,Bookkeeper,Peter_Turner9406@qater.org,Peter Turner
286,Auditor,Hadley_Richards4363@fuliss.net,Hadley Richards
287,Laboratory Technician,Sasha_Whitmore1349@mafthy.com,Sasha Whitmore
288,Paramedic,Isla_Jones5020@sheye.org,Isla Jones
289,Retail Trainee,Cedrick_Silva479@gembat.biz,Cedrick Silva
290,Service Supervisor,Elle_Owen156@nanoff.biz,Elle Owen
291,Electrician,Janelle_Richardson2511@brety.org,Janelle Richardson
292,Fabricator,Cedrick_Hope8595@famism.biz,Cedrick Hope
293,Auditor,Madison_Norman6278@yahoo.com,Madison Norman
294,Systems Administrator,Monica_Mooney1484@brety.org,Monica Mooney
295,Business Broker,Manuel_Windsor9500@gompie.com,Manuel Windsor
296,Ambulatory Nurse,David_Spencer9729@kideod.biz,David Spencer
297,Executive Director,Benjamin_Wilkinson946@acrit.org,Benjamin Wilkinson
298,Service Supervisor,Erin_Harvey8650@atink.com,Erin Harvey
299,Associate Professor,Wade_Brock5030@liret.org,Wade Brock
300,Steward,Caleb_Wright1083@twace.org,Caleb Wright
301,Healthcare Specialist,Valerie_Hope2928@irrepsy.com,Valerie Hope
302,Retail Trainee,Eduardo_Whittle6161@bungar.biz,Eduardo Whittle
303,Project Manager,Johnathan_Santos8245@twipet.com,Johnathan Santos
304,Steward,Sebastian_Sherwood5286@deavo.com,Sebastian Sherwood
305,Dentist,Mabel_Rose1847@zorer.org,Mabel Rose
306,Cashier,Maribel_Ogilvy854@typill.biz,Maribel Ogilvy
307,Budget Analyst,Keira_Sheldon9009@muall.tech,Keira Sheldon
308,Designer,Chloe_Wigley5472@irrepsy.com,Chloe Wigley
309,CNC Operator,Quinn_Little8858@fuliss.net,Quinn Little
310,Restaurant Manager,Matthew_Ogilvy9645@liret.org,Matthew Ogilvy
311,Dentist,Gabriel_Mccall3536@bretoux.com,Gabriel Mccall
312,Loan Officer,Louise_Boyle7671@jiman.org,Louise Boyle
313,Webmaster,Maxwell_Shaw5023@acrit.org,Maxwell Shaw
314,Pharmacist,Marjorie_Mcleod3409@gembat.biz,Marjorie Mcleod
315,Executive Director,Tyson_Morgan5946@bungar.biz,Tyson Morgan
316,Electrician,Willow_Jenkin3204@hourpy.biz,Willow Jenkin
317,Restaurant Manager,Rocco_Thorpe9599@iatim.tech,Rocco Thorpe
318,Software Engineer,Sharon_Grant5342@supunk.biz,Sharon Grant
319,Cash Manager,Esmeralda_James3863@bulaffy.com,Esmeralda James
320,Fabricator,Sofia_Locke4490@nickia.com,Sofia Locke
321,Insurance Broker,Johnny_Stevens8022@deons.tech,Johnny Stevens
322,Front Desk Coordinator,Macy_Fields9666@acrit.org,Macy Fields
323,Systems Administrator,Dasha_Oatway9148@nimogy.biz,Dasha Oatway
324,Lecturer,Rylee_Quinnell7627@bretoux.com,Rylee Quinnell
325,Electrician,Josephine_Button6514@tonsy.org,Josephine Button
326,Treasurer,Hanna_Saunders4191@tonsy.org,Hanna Saunders
327,Staffing Consultant,Jane_Dwyer3356@nanoff.biz,Jane Dwyer
328,Audiologist,Johnny_Plumb8623@mafthy.com,Johnny Plumb
329,Treasurer,Wade_Hamilton8277@qater.org,Wade Hamilton
330,Service Supervisor,Angela_Upton7514@twace.org,Angela Upton
331,Food Technologist,Hanna_Noach2681@atink.com,Hanna Noach
332,Baker,Melody_Hood6020@elnee.tech,Melody Hood
333,Paramedic,Brad_Jobson8369@bretoux.com,Brad Jobson
334,Inspector,Logan_Cork8611@qater.org,Logan Cork
335,Project Manager,Chuck_Norris6445@gompie.com,Chuck Norris
336,Healthcare Specialist,Boris_Upsdell3059@acrit.org,Boris Upsdell
337,Retail Trainee,Hank_Khan6747@corti.com,Hank Khan
338,Loan Officer,Maxwell_Rigg2282@ovock.tech,Maxwell Rigg
339,Cook,Matt_Stewart552@naiker.biz,Matt Stewart
340,Laboratory Technician,Carl_Rowe332@liret.org,Carl Rowe
341,Bookkeeper,Boris_Graham6903@ubusive.com,Boris Graham
342,Steward,Ryan_Camden5123@iatim.tech,Ryan Camden
343,Treasurer,Josephine_Middleton4581@bungar.biz,Josephine Middleton
344,Designer,Elly_Upton2729@sveldo.biz,Elly Upton
345,Cook,Sharon_Jarrett4253@tonsy.org,Sharon Jarrett
346,Production Painter,Abbey_Adams9866@guentu.biz,Abbey Adams
347,Chef Manager,Megan_Radcliffe1120@twace.org,Megan Radcliffe
348,Electrician,Gabriel_Knott5524@eirey.tech,Gabriel Knott
349,CNC Operator,Mason_Larsen2044@zorer.org,Mason Larsen
350,Restaurant Manager,Rufus_Gosling2499@nanoff.biz,Rufus Gosling
351,Global Logistics Supervisor,Marla_Villiger6968@bulaffy.com,Marla Villiger
352,Designer,Harvey_Villiger5717@yahoo.com,Harvey Villiger
353,Systems Administrator,Makenzie_Groves6477@vetan.org,Makenzie Groves
354,Designer,Stella_Alcroft4466@kideod.biz,Stella Alcroft
355,Bellman,Taylor_Dyson5601@hourpy.biz,Taylor Dyson
356,Fabricator,Shay_Mcguire7456@gmail.com,Shay Mcguire
357,Food Technologist,Grace_Harrington9162@supunk.biz,Grace Harrington
358,Business Broker,Phoebe_Noon5000@joiniaa.com,Phoebe Noon
359,Machine Operator,Rufus_Rowan5265@dionrab.com,Rufus Rowan
360,Restaurant Manager,Jayden_Durrant8708@nickia.com,Jayden Durrant
361,Restaurant Manager,Liliana_Saunders9950@elnee.tech,Liliana Saunders
362,Biologist,Rosalie_Sylvester2031@muall.tech,Rosalie Sylvester
363,CNC Operator,Zara_Olson5310@ubusive.com,Zara Olson
364,Paramedic,Amelia_Grady4950@hourpy.biz,Amelia Grady
365,Staffing Consultant,Rick_Lewis8576@mafthy.com,Rick Lewis
366,Investment  Advisor,Carl_Rothwell6201@bauros.biz,Carl Rothwell
367,Audiologist,Carissa_Mackenzie7798@zorer.org,Carissa Mackenzie
368,Laboratory Technician,Cassidy_Hunt2700@grannar.com,Cassidy Hunt
369,Biologist,Benjamin_Wilkinson1811@extex.org,Benjamin Wilkinson
370,Webmaster,Mason_Rehman6561@cispeto.com,Mason Rehman
371,Insurance Broker,Enoch_Darcy5901@ovock.tech,Enoch Darcy
372,Accountant,Florence_Ingham8128@deons.tech,Florence Ingham
373,Pharmacist,Penelope_Funnell6127@gmail.com,Penelope Funnell
374,Physician,Wade_Power2749@liret.org,Wade Power
375,Laboratory Technician,Henry_Owens1541@sveldo.biz,Henry Owens
376,Food Technologist,Hailey_Uttridge1530@yahoo.com,Hailey Uttridge
377,Loan Officer,Kaylee_Bryant3142@ovock.tech,Kaylee Bryant
378,Accountant,Norah_Khan7418@sveldo.biz,Norah Khan
379,Staffing Consultant,Cedrick_Rothwell4502@nanoff.biz,Cedrick Rothwell
380,Insurance Broker,Ruby_Andersson4875@kideod.biz,Ruby Andersson
381,Health Educator,Ethan_Rees4074@typill.biz,Ethan Rees
382,Lecturer,Marina_Rivers5547@nimogy.biz,Marina Rivers
383,Global Logistics Supervisor,Javier_Palmer8613@ovock.tech,Javier Palmer
384,Chef Manager,Domenic_Ward2491@nickia.com,Domenic Ward
385,Systems Administrator,Jazmin_James3381@supunk.biz,Jazmin James
386,Budget Analyst,Jack_Gregory7070@bulaffy.com,Jack Gregory
387,Inspector,Daniel_Vallins2502@atink.com,Daniel Vallins
388,Treasurer,Eduardo_Eagle4761@deavo.com,Eduardo Eagle
389,Food Technologist,Irene_Norburn1148@dionrab.com,Irene Norburn
390,Auditor,Chester_Lomax284@vetan.org,Chester Lomax
391,Electrician,Leroy_Sinclair5355@extex.org,Leroy Sinclair
392,Global Logistics Supervisor,Rosalie_Hudson5186@bulaffy.com,Rosalie Hudson
393,Chef Manager,Doris_Parr7487@kideod.biz,Doris Parr
394,HR Specialist,Nicholas_Broomfield6022@acrit.org,Nicholas Broomfield
395,HR Specialist,Chad_Judd174@naiker.biz,Chad Judd
396,Associate Professor,Jade_Rothwell7324@gompie.com,Jade Rothwell
397,Executive Director,Brad_Emmett9534@brety.org,Brad Emmett
398,Insurance Broker,Peter_Roberts4981@nimogy.biz,Peter Roberts
399,Stockbroker,Marilyn_Connor7907@yahoo.com,Marilyn Connor
400,Chef Manager,Henry_Camden292@womeona.net,Henry Camden
401,Paramedic,Julian_Crawley4927@jiman.org,Julian Crawley
402,Machine Operator,Kamila_Fenton3595@famism.biz,Kamila Fenton
403,Bookkeeper,Alison_Bailey1843@qater.org,Alison Bailey
404,Staffing Consultant,Clint_Oakley4786@tonsy.org,Clint Oakley
405,Pharmacist,Russel_Cartwright9990@bretoux.com,Russel Cartwright
406,CNC Operator,Carla_Davies3988@dionrab.com,Carla Davies
407,Chef Manager,Rosemary_Craig147@sheye.org,Rosemary Craig
408,Cash Manager,Sadie_Uttley5345@fuliss.net,Sadie Uttley
409,Machine Operator,Alan_Tennant510@womeona.net,Alan Tennant
410,Systems Administrator,Lucas_Walsh6010@kideod.biz,Lucas Walsh
411,Dentist,Boris_Franks1013@supunk.biz,Boris Franks
412,Chef Manager,Eryn_Willis5679@sheye.org,Eryn Willis
413,Software Engineer,Ruby_Bowen7613@tonsy.org,Ruby Bowen
414,Mobile Developer,Cassidy_Weatcroft9396@jiman.org,Cassidy Weatcroft
415,Investment  Advisor,Candice_Herbert7385@vetan.org,Candice Herbert
416,Staffing Consultant,Harvey_Gordon3988@ovock.tech,Harvey Gordon
417,Biologist,Celina_Duvall7059@sveldo.biz,Celina Duvall
418,CNC Operator,Rylee_Rixon6572@supunk.biz,Rylee Rixon
419,Investment  Advisor,Ember_Durrant7890@dionrab.com,Ember Durrant
420,Front Desk Coordinator,Tony_Thomas2994@hourpy.biz,Tony Thomas
421,Healthcare Specialist,Cadence_Whitmore3161@deons.tech,Cadence Whitmore
422,Global Logistics Supervisor,Leroy_Oswald7143@atink.com,Leroy Oswald
423,Software Engineer,Rosa_Andrews8148@ovock.tech,Rosa Andrews
424,Production Painter,Oliver_Thomson736@irrepsy.com,Oliver Thomson
425,Audiologist,Johnathan_Oakley8995@yahoo.com,Johnathan Oakley
426,Clerk,Nicholas_Murray6010@elnee.tech,Nicholas Murray
427,Service Supervisor,Carmella_Duvall5266@bulaffy.com,Carmella Duvall
428,Webmaster,Adeline_Eyres2240@twace.org,Adeline Eyres
429,Webmaster,Michael_Lowe3328@nimogy.biz,Michael Lowe
430,Banker,Maxwell_Moss1862@zorer.org,Maxwell Moss
431,Web Developer,Manuel_Boden7326@twace.org,Manuel Boden
432,Call Center Representative,Gil_Ashwell9911@ovock.tech,Gil Ashwell
433,Pharmacist,Roger_Weldon3893@grannar.com,Roger Weldon
434,Assistant Buyer,Analise_Bryant5277@supunk.biz,Analise Bryant
435,Biologist,Sebastian_Welsch1290@muall.tech,Sebastian Welsch
436,Retail Trainee,Ron_Gallacher6857@ubusive.com,Ron Gallacher
437,Auditor,Remy_Andrews564@mafthy.com,Remy Andrews
438,Operator,Amelia_Shaw8877@twipet.com,Amelia Shaw
439,Cook,George_Chapman2775@corti.com,George Chapman
440,Treasurer,Phillip_Stuart7328@sveldo.biz,Phillip Stuart
441,Web Developer,Vera_Andrews1502@naiker.biz,Vera Andrews
442,Staffing Consultant,Sabina_Wallace6438@irrepsy.com,Sabina Wallace
443,Cook,Catherine_Wood5153@nimogy.biz,Catherine Wood
444,HR Coordinator,Dakota_Alcroft191@vetan.org,Dakota Alcroft
445,Production Painter,Eduardo_Hall1578@zorer.org,Eduardo Hall
446,Lecturer,Hank_Sylvester5189@qater.org,Hank Sylvester
447,Call Center Representative,Georgia_Wallace3191@supunk.biz,Georgia Wallace
448,Service Supervisor,Kirsten_Price8584@bauros.biz,Kirsten Price
449,HR Specialist,Mark_Morrison6086@hourpy.biz,Mark Morrison
450,Loan Officer,Hank_Cartwright3078@grannar.com,Hank Cartwright
451,Steward,Ada_Knight613@famism.biz,Ada Knight
452,Steward,Liv_Whinter5623@zorer.org,Liv Whinter
453,Laboratory Technician,Ryan_Keys470@atink.com,Ryan Keys
454,Bellman,Joseph_Furnell3496@atink.com,Joseph Furnell
455,Assistant Buyer,Priscilla_Vince3160@mafthy.com,Priscilla Vince
456,Designer,Penny_Rainford8878@liret.org,Penny Rainford
457,Chef Manager,Erick_Sloan7866@sheye.org,Erick Sloan
458,Pharmacist,Chad_Kaur9584@corti.com,Chad Kaur
459,Bellman,Josh_Hastings1856@twipet.com,Josh Hastings
460,Electrician,Lauren_Swift9159@acrit.org,Lauren Swift
461,Inspector,Remy_Fulton1101@supunk.biz,Remy Fulton
462,Service Supervisor,Wade_Tobin2776@iatim.tech,Wade Tobin
463,HR Coordinator,Alan_Windsor4263@twipet.com,Alan Windsor
464,Fabricator,Cristal_Vaughan774@twipet.com,Cristal Vaughan
465,Software Engineer,Aleksandra_Mccall3529@gembat.biz,Aleksandra Mccall
466,HR Coordinator,Vera_Allcott7567@hourpy.biz,Vera Allcott
467,Design Engineer,Melania_Hardwick9067@deons.tech,Melania Hardwick
468,Loan Officer,Matthew_Page 6782@twipet.com,Matthew Page 
469,Treasurer,Daria_Hogg4628@sheye.org,Daria Hogg
470,Clerk,Maria_Patel7005@kideod.biz,Maria Patel
471,Physician,Clint_Taylor8421@supunk.biz,Clint Taylor
472,HR Coordinator,Charlize_Antcliff124@deons.tech,Charlize Antcliff
473,Software Engineer,Megan_Newman2267@atink.com,Megan Newman
474,IT Support Staff,Eileen_Rixon5@grannar.com,Eileen Rixon
475,Pharmacist,Havana_Collingwood8675@nanoff.biz,Havana Collingwood
476,Staffing Consultant,Martin_Woodcock6416@elnee.tech,Martin Woodcock
477,Associate Professor,Roger_Stewart1441@naiker.biz,Roger Stewart
478,Software Engineer,Bryce_Silva884@naiker.biz,Bryce Silva
479,Loan Officer,Florence_Heaton9300@eirey.tech,Florence Heaton
480,Assistant Buyer,Nick_Ward593@naiker.biz,Nick Ward
481,Baker,Gabriel_Bishop4381@cispeto.com,Gabriel Bishop
482,Paramedic,Lynn_Pond782@extex.org,Lynn Pond
483,Retail Trainee,Janice_Logan5328@acrit.org,Janice Logan
484,Systems Administrator,Chuck_Townend2036@bungar.biz,Chuck Townend
485,Associate Professor,Renee_Chappell9960@bungar.biz,Renee Chappell
486,Biologist,Hank_Redfern3892@sheye.org,Hank Redfern
487,Web Developer,Barry_Vinton7094@liret.org,Barry Vinton
488,Machine Operator,Holly_Gavin6494@brety.org,Holly Gavin
489,Cashier,Macy_King1946@jiman.org,Macy King
490,Design Engineer,Gwen_Anderson1414@tonsy.org,Gwen Anderson
491,Pharmacist,Michaela_Lewis8348@kideod.biz,Michaela Lewis
492,Bookkeeper,Logan_Khan4193@ubusive.com,Logan Khan
493,Staffing Consultant,Roger_Bingham8558@irrepsy.com,Roger Bingham
494,Audiologist,Harry_Whatson4539@nimogy.biz,Harry Whatson
495,Operator,Jack_Ward4842@famism.biz,Jack Ward
496,Electrician,Makenzie_Moore3107@muall.tech,Makenzie Moore
497,Electrician,Cedrick_Gibson5766@zorer.org,Cedrick Gibson
498,Ambulatory Nurse,Hannah_Harvey9955@nimogy.biz,Hannah Harvey
499,Pharmacist,Camellia_Weldon9961@nimogy.biz,Camellia Weldon
500,Laboratory Technician,Oliver_Shaw3549@extex.org,Oliver Shaw
501,Paramedic,Jayden_Holmes9478@brety.org,Jayden Holmes
502,Business Broker,Alexia_Long3997@tonsy.org,Alexia Long
503,Executive Director,Michaela_Sherwood9211@dionrab.com,Michaela Sherwood
504,HR Coordinator,Denis_Benfield7485@joiniaa.com,Denis Benfield
505,HR Coordinator,Georgia_Jones4097@tonsy.org,Georgia Jones
506,Designer,Jaylene_Grey3741@deavo.com,Jaylene Grey
507,Restaurant Manager,Chad_Armstrong5693@guentu.biz,Chad Armstrong
508,Global Logistics Supervisor,Marla_Redfern1275@bretoux.com,Marla Redfern
509,HR Coordinator,Elijah_West3715@kideod.biz,Elijah West
510,Cash Manager,Carl_Kerr1826@famism.biz,Carl Kerr
511,Loan Officer,Tess_Vallins4016@liret.org,Tess Vallins
512,Electrician,Nicholas_Mcnally1274@sheye.org,Nicholas Mcnally
513,Software Engineer,Aisha_Adams2174@fuliss.net,Aisha Adams
514,Healthcare Specialist,Emerald_Franks5347@cispeto.com,Emerald Franks
515,Staffing Consultant,Kurt_Carson7580@deons.tech,Kurt Carson
516,Machine Operator,Grace_Evans916@muall.tech,Grace Evans
517,Cook,Bryon_Carter4357@kideod.biz,Bryon Carter
518,Software Engineer,Abdul_Carter9334@deavo.com,Abdul Carter
519,Web Developer,Leilani_Drummond1150@bulaffy.com,Leilani Drummond
520,Electrician,Nathan_Driscoll106@bulaffy.com,Nathan Driscoll
521,HR Specialist,Bethany_Willson5877@joiniaa.com,Bethany Willson
522,Doctor,Destiny_Burnley7769@deavo.com,Destiny Burnley
523,Accountant,Denis_Thorpe3899@zorer.org,Denis Thorpe
524,Budget Analyst,George_Kirby7268@gompie.com,George Kirby
525,Physician,Oliver_Latham1014@joiniaa.com,Oliver Latham
526,Food Technologist,Rufus_Lynn50@elnee.tech,Rufus Lynn
527,Insurance Broker,Henry_Cox6408@deavo.com,Henry Cox
528,IT Support Staff,Phoebe_Gavin4288@naiker.biz,Phoebe Gavin
529,CNC Operator,Jayden_King4369@kideod.biz,Jayden King
530,Design Engineer,Monica_Morley2268@sveldo.biz,Monica Morley
531,Machine Operator,Carl_Reynolds4051@sheye.org,Carl Reynolds
532,Investment  Advisor,Ciara_Andrews7609@iatim.tech,Ciara Andrews
533,Ambulatory Nurse,Daniel_Broomfield9496@jiman.org,Daniel Broomfield
534,Call Center Representative,William_Salt82@sveldo.biz,William Salt
535,Insurance Broker,Renee_Brett679@nickia.com,Renee Brett
536,Retail Trainee,Caleb_Lunt5483@bulaffy.com,Caleb Lunt
537,Food Technologist,Tyler_Jeffery1795@nanoff.biz,Tyler Jeffery
538,Software Engineer,Wade_Wellington7058@famism.biz,Wade Wellington
539,Webmaster,Domenic_Harris1732@mafthy.com,Domenic Harris
540,HR Specialist,Fred_Owen236@muall.tech,Fred Owen
541,Fabricator,Celina_Edley2486@grannar.com,Celina Edley
542,Operator,Denis_Mitchell2600@infotech44.tech,Denis Mitchell
543,Mobile Developer,Alice_Ballard3245@acrit.org,Alice Ballard
544,Physician,Alison_Addison4984@gompie.com,Alison Addison
545,Restaurant Manager,Estrella_Walker8714@grannar.com,Estrella Walker
546,Lecturer,Cassandra_Andrews4141@yahoo.com,Cassandra Andrews
547,Stockbroker,Lorraine_Jackson5422@qater.org,Lorraine Jackson
548,Budget Analyst,Sebastian_Shields7929@iatim.tech,Sebastian Shields
549,Retail Trainee,Angel_Jones1042@grannar.com,Angel Jones
550,Executive Director,Owen_Sherry3789@deons.tech,Owen Sherry
551,Designer,Elle_Redfern7972@nickia.com,Elle Redfern
552,Treasurer,Carl_Woods8932@corti.com,Carl Woods
553,Doctor,Iris_Clifford3152@ovock.tech,Iris Clifford
554,Operator,Summer_Wilton7961@nickia.com,Summer Wilton
555,Operator,Chris_Sanchez8208@deavo.com,Chris Sanchez
556,Design Engineer,Russel_Thorpe1504@gmail.com,Russel Thorpe
557,Auditor,Cristal_Stark4243@extex.org,Cristal Stark
558,Assistant Buyer,Mara_Logan4074@zorer.org,Mara Logan
559,Ambulatory Nurse,Nathan_Graham3160@womeona.net,Nathan Graham
560,Laboratory Technician,Mina_Quinn4289@infotech44.tech,Mina Quinn
561,Lecturer,Priscilla_Robinson387@grannar.com,Priscilla Robinson
562,Call Center Representative,Roger_Purvis3209@joiniaa.com,Roger Purvis
563,Global Logistics Supervisor,Tyson_Judd8794@dionrab.com,Tyson Judd
564,Executive Director,Tyson_Baker8143@elnee.tech,Tyson Baker
565,Electrician,Zoe_Dallas5732@yahoo.com,Zoe Dallas
566,Budget Analyst,Audrey_Wise3755@qater.org,Audrey Wise
567,Business Broker,Ron_Whitmore1426@sheye.org,Ron Whitmore
568,Project Manager,Valentina_Asher5151@gompie.com,Valentina Asher
569,Front Desk Coordinator,Lexi_Redfern9743@bauros.biz,Lexi Redfern
570,Lecturer,Mavis_James745@acrit.org,Mavis James
571,Laboratory Technician,Alba_Hamilton5765@sheye.org,Alba Hamilton
572,Ambulatory Nurse,Melody_Bailey3648@sheye.org,Melody Bailey
573,Clerk,Michael_Jackson8131@sheye.org,Michael Jackson
574,Front Desk Coordinator,Javier_Allcott8037@gembat.biz,Javier Allcott
575,Executive Director,Logan_Benfield2649@naiker.biz,Logan Benfield
576,IT Support Staff,Andie_Anderson2525@fuliss.net,Andie Anderson
577,Global Logistics Supervisor,Russel_Thorpe380@twace.org,Russel Thorpe
578,Mobile Developer,Kieth_John8952@joiniaa.com,Kieth John
579,Service Supervisor,Enoch_Windsor1906@deavo.com,Enoch Windsor
580,Pharmacist,Jaylene_Wild2626@guentu.biz,Jaylene Wild
581,Retail Trainee,Sage_Cooper5094@bulaffy.com,Sage Cooper
582,Dentist,Carmen_Malone9779@dionrab.com,Carmen Malone
583,Pharmacist,Johnny_Farmer2538@jiman.org,Johnny Farmer
584,Cashier,Morgan_Logan5277@joiniaa.com,Morgan Logan
585,Dentist,Sasha_Phillips1237@tonsy.org,Sasha Phillips
586,Stockbroker,Ruby_Norton1340@hourpy.biz,Ruby Norton
587,Biologist,Lynn_Kirby7425@typill.biz,Lynn Kirby
588,Electrician,Josh_Vallory6703@twace.org,Josh Vallory
589,Restaurant Manager,Harriet_Hamilton6514@ovock.tech,Harriet Hamilton
590,Food Technologist,Ron_Thompson5703@elnee.tech,Ron Thompson
591,Health Educator,Anthony_Herbert8241@atink.com,Anthony Herbert
592,Global Logistics Supervisor,Lindsay_Edwards477@iatim.tech,Lindsay Edwards
593,Laboratory Technician,Ryan_Powell1041@qater.org,Ryan Powell
594,Cashier,Francesca_Ellery9246@infotech44.tech,Francesca Ellery
595,Call Center Representative,Ethan_Leigh4965@atink.com,Ethan Leigh
596,Healthcare Specialist,Deborah_Shaw4413@ubusive.com,Deborah Shaw
597,Inspector,Marigold_Upsdell1145@bungar.biz,Marigold Upsdell
598,Auditor,Penelope_Dickson8046@womeona.net,Penelope Dickson
599,Steward,Leslie_Sloan2102@jiman.org,Leslie Sloan
600,Cook,Jamie_Grady7414@nanoff.biz,Jamie Grady
601,Pharmacist,Elisabeth_Stone3296@sheye.org,Elisabeth Stone
602,Software Engineer,Cynthia_Nayler1353@atink.com,Cynthia Nayler
603,Bookkeeper,Celina_Weasley9074@fuliss.net,Celina Weasley
604,Retail Trainee,Denis_Turner1562@joiniaa.com,Denis Turner
605,Accountant,Makenzie_Whinter5755@bungar.biz,Makenzie Whinter
606,Service Supervisor,Barry_Groves7585@famism.biz,Barry Groves
607,Audiologist,Ryan_Curtis5951@atink.com,Ryan Curtis
608,Fabricator,Anthony_Upsdell8372@elnee.tech,Anthony Upsdell
609,Mobile Developer,Rose_Ripley1231@womeona.net,Rose Ripley
610,Accountant,Irene_Dempsey5171@fuliss.net,Irene Dempsey
611,Systems Administrator,Henry_Riley3924@jiman.org,Henry Riley
612,Cashier,Gabriel_Vass8003@irrepsy.com,Gabriel Vass
613,Mobile Developer,Tiffany_Shields8000@fuliss.net,Tiffany Shields
614,Cook,Aiden_Jeffery7151@yahoo.com,Aiden Jeffery
615,Baker,Matthew_Button3481@elnee.tech,Matthew Button
616,Operator,Jade_Norton6032@typill.biz,Jade Norton
617,Steward,Madison_Cork7940@womeona.net,Madison Cork
618,Banker,Boris_Burge342@mafthy.com,Boris Burge
619,Call Center Representative,Kassandra_Eyres3972@extex.org,Kassandra Eyres
620,Steward,Rhea_Quinnell4532@fuliss.net,Rhea Quinnell
621,Investment  Advisor,Cassandra_Bradley9819@infotech44.tech,Cassandra Bradley
622,Service Supervisor,Iris_Tyler6099@deavo.com,Iris Tyler
623,Insurance Broker,Jenna_Horton2249@sheye.org,Jenna Horton
624,Restaurant Manager,Nate_Lynch7687@deavo.com,Nate Lynch
625,Healthcare Specialist,Chad_Morris675@cispeto.com,Chad Morris
626,Project Manager,Martin_Parker1564@womeona.net,Martin Parker
627,Treasurer,Anthony_Gonzales6115@nanoff.biz,Anthony Gonzales
628,Steward,William_Tyler6061@iatim.tech,William Tyler
629,Mobile Developer,Hayden_Redfern7360@twipet.com,Hayden Redfern
630,Baker,Rowan_Page 6918@deavo.com,Rowan Page 
631,Production Painter,Hayden_Bright867@gompie.com,Hayden Bright
632,Mobile Developer,Oliver_Gilbert4027@joiniaa.com,Oliver Gilbert
633,Cook,Michael_Mcnally5117@nickia.com,Michael Mcnally
634,Steward,Marla_Casey6684@womeona.net,Marla Casey
635,Chef Manager,Daron_Morley569@naiker.biz,Daron Morley
636,Cashier,Percy_Little2561@fuliss.net,Percy Little
637,Doctor,Matt_Ellison7333@famism.biz,Matt Ellison
638,Dentist,Bridget_Yang4741@gembat.biz,Bridget Yang
639,Webmaster,Hayden_Locke5848@vetan.org,Hayden Locke
640,Assistant Buyer,Eduardo_Vinton7829@muall.tech,Eduardo Vinton
641,Global Logistics Supervisor,Aiden_Allwood1489@deons.tech,Aiden Allwood
642,Clerk,Alessandra_Marshall7799@twipet.com,Alessandra Marshall
643,Retail Trainee,Karla_Baker7673@mafthy.com,Karla Baker
644,Web Developer,Carolyn_Dowson5902@grannar.com,Carolyn Dowson
645,Doctor,Fred_Lomax1984@womeona.net,Fred Lomax
646,Laboratory Technician,Marissa_Gilmore2042@extex.org,Marissa Gilmore
647,Doctor,Carter_Watson1600@guentu.biz,Carter Watson
648,Retail Trainee,Julian_Andrews1638@gmail.com,Julian Andrews
649,Audiologist,Greta_Morley8892@mafthy.com,Greta Morley
650,Restaurant Manager,Chester_Sawyer8951@bungar.biz,Chester Sawyer
651,Bookkeeper,Eryn_Parker4698@nickia.com,Eryn Parker
652,Cashier,Liv_Avery378@grannar.com,Liv Avery
653,Design Engineer,Zoe_Power1533@supunk.biz,Zoe Power
654,Front Desk Coordinator,Gil_Vince2632@bauros.biz,Gil Vince
655,Machine Operator,Peyton_Dempsey6512@yahoo.com,Peyton Dempsey
656,Biologist,Carmen_Vallins6662@supunk.biz,Carmen Vallins
657,Retail Trainee,Lauren_Milner7141@zorer.org,Lauren Milner
658,HR Coordinator,Lorraine_Antcliff6609@grannar.com,Lorraine Antcliff
659,Call Center Representative,Matt_Potter1130@grannar.com,Matt Potter
660,Project Manager,Clint_Scott1384@brety.org,Clint Scott
661,HR Specialist,Ilona_Horton5256@joiniaa.com,Ilona Horton
662,Electrician,Mason_Snell5478@ovock.tech,Mason Snell
663,Insurance Broker,Owen_Clifford9693@gmail.com,Owen Clifford
664,Web Developer,Alba_Trent2776@fuliss.net,Alba Trent
665,Dentist,Clint_Fowler1336@iatim.tech,Clint Fowler
666,HR Coordinator,Henry_Walsh6308@deavo.com,Henry Walsh
667,Health Educator,Tara_Nielson1714@extex.org,Tara Nielson
668,Loan Officer,Barney_Duvall1253@acrit.org,Barney Duvall
669,Software Engineer,Gil_Fall2647@ovock.tech,Gil Fall
670,Insurance Broker,Boris_Matthews9386@kideod.biz,Boris Matthews
671,Audiologist,Angelica_Quinnell7843@muall.tech,Angelica Quinnell
672,Call Center Representative,Tony_Strong9884@gompie.com,Tony Strong
673,Front Desk Coordinator,Agnes_Bloom7865@gmail.com,Agnes Bloom
674,Inspector,Melania_Mcnally8806@irrepsy.com,Melania Mcnally
675,Machine Operator,Benjamin_Herbert3341@zorer.org,Benjamin Herbert
676,Clerk,Nick_Grey1018@brety.org,Nick Grey
677,Operator,Rachael_Ellwood2062@corti.com,Rachael Ellwood
678,Inspector,Carol_Mccormick1286@bulaffy.com,Carol Mccormick
679,Clerk,Chuck_Gavin7292@extex.org,Chuck Gavin
680,Machine Operator,Carrie_Pierce4732@dionrab.com,Carrie Pierce
681,Global Logistics Supervisor,Janice_Brennan9699@elnee.tech,Janice Brennan
682,Business Broker,Sasha_Smith6561@bungar.biz,Sasha Smith
683,Physician,Matthew_Farrell9464@bulaffy.com,Matthew Farrell
684,Pharmacist,Willow_Eddison2017@bauros.biz,Willow Eddison
685,Lecturer,Judith_Patel3884@gmail.com,Judith Patel
686,Front Desk Coordinator,Mina_Glass4054@irrepsy.com,Mina Glass
687,Inspector,Aileen_Oldfield4129@yahoo.com,Aileen Oldfield
688,Biologist,Candice_Yarlett1450@eirey.tech,Candice Yarlett
689,Pharmacist,Courtney_Turner2834@joiniaa.com,Courtney Turner
690,Cashier,Bob_Cameron3602@gmail.com,Bob Cameron
691,Production Painter,Julian_Needham1359@twipet.com,Julian Needham
692,Restaurant Manager,Henry_Morrow2911@extex.org,Henry Morrow
693,Mobile Developer,Owen_Bryant872@gompie.com,Owen Bryant
694,Service Supervisor,Victoria_Walker2489@ubusive.com,Victoria Walker
695,Webmaster,Leilani_Roth6032@deons.tech,Leilani Roth
696,Biologist,Trisha_Uttridge6739@typill.biz,Trisha Uttridge
697,Insurance Broker,Aiden_Reid4749@extex.org,Aiden Reid
698,Inspector,Abdul_Ellis7219@bauros.biz,Abdul Ellis
699,HR Coordinator,Barry_Horton7128@corti.com,Barry Horton
700,Food Technologist,Denny_Martin2899@iatim.tech,Denny Martin
701,Lecturer,George_Howard3475@nickia.com,George Howard
702,Cashier,Hayden_Thomson2741@ubusive.com,Hayden Thomson
703,Doctor,Tania_Farrell4016@twipet.com,Tania Farrell
704,Treasurer,Hayden_Hill1949@deavo.com,Hayden Hill
705,CNC Operator,Piper_Corbett6905@nickia.com,Piper Corbett
706,Auditor,Nick_Ballard3951@zorer.org,Nick Ballard
707,Retail Trainee,Teagan_Bloom4046@joiniaa.com,Teagan Bloom
708,Loan Officer,Rick_Doherty8892@corti.com,Rick Doherty
709,IT Support Staff,Harry_Mcguire8152@corti.com,Harry Mcguire
710,HR Coordinator,Lorraine_Lambert932@supunk.biz,Lorraine Lambert
711,Cash Manager,Rick_Mason3924@gmail.com,Rick Mason
712,Retail Trainee,Alex_Nelson297@tonsy.org,Alex Nelson
713,Physician,Domenic_Lindop4479@jiman.org,Domenic Lindop
714,Food Technologist,Rhea_Goodman9958@liret.org,Rhea Goodman
715,Baker,Barney_Williams369@corti.com,Barney Williams
716,Lecturer,Carissa_Plant3235@twace.org,Carissa Plant
717,Executive Director,Meredith_Brennan93@nimogy.biz,Meredith Brennan
718,Lecturer,Ivette_Robinson3816@ubusive.com,Ivette Robinson
719,IT Support Staff,Chad_Vass7533@deons.tech,Chad Vass
720,Front Desk Coordinator,Jayden_Evans1034@fuliss.net,Jayden Evans
721,HR Coordinator,Javier_Curtis384@kideod.biz,Javier Curtis
722,IT Support Staff,Cara_Morrow5811@bauros.biz,Cara Morrow
723,Stockbroker,Aleksandra_James7397@joiniaa.com,Aleksandra James
724,Electrician,Julia_Stewart8901@gompie.com,Julia Stewart
725,Design Engineer,Alexander_Utterson9253@infotech44.tech,Alexander Utterson
726,Health Educator,Naomi_Thomson9977@sveldo.biz,Naomi Thomson
727,Design Engineer,Diane_Nielson3335@bungar.biz,Diane Nielson
728,Treasurer,Isabella_Powell4026@bungar.biz,Isabella Powell
729,Auditor,Tiffany_Reyes5990@elnee.tech,Tiffany Reyes
730,Staffing Consultant,Ronald_Stanton2751@deavo.com,Ronald Stanton
731,Pharmacist,Bob_Cunningham4481@nanoff.biz,Bob Cunningham
732,Retail Trainee,Alexander_Boyle8769@supunk.biz,Alexander Boyle
733,Systems Administrator,Nate_Webster5849@deons.tech,Nate Webster
734,Front Desk Coordinator,Eduardo_Jefferson9067@fuliss.net,Eduardo Jefferson
735,Banker,Gladys_Mcnally5157@cispeto.com,Gladys Mcnally
736,Loan Officer,Henry_Yarwood3863@twipet.com,Henry Yarwood
737,Food Technologist,Freya_Mooney5316@tonsy.org,Freya Mooney
738,Associate Professor,William_Everett435@naiker.biz,William Everett
739,Banker,Bethany_Dixon8857@bungar.biz,Bethany Dixon
740,Executive Director,Marvin_Lomax8380@cispeto.com,Marvin Lomax
741,Food Technologist,Kamila_Denton7729@ovock.tech,Kamila Denton
742,Food Technologist,Luke_Hewitt6793@mafthy.com,Luke Hewitt
743,HR Specialist,Rocco_Baldwin8256@nickia.com,Rocco Baldwin
744,Laboratory Technician,Noah_Dann859@mafthy.com,Noah Dann
745,Designer,Bart_Murphy922@nimogy.biz,Bart Murphy
746,Paramedic,Kenzie_Egerton3271@womeona.net,Kenzie Egerton
747,Insurance Broker,Nick_Gregory9008@famism.biz,Nick Gregory
748,Bellman,Leroy_Quinn1981@guentu.biz,Leroy Quinn
749,Bellman,Candace_Connell5310@deavo.com,Candace Connell
750,Baker,Daniel_Drummond7466@mafthy.com,Daniel Drummond
751,Designer,Cedrick_Clifton9247@naiker.biz,Cedrick Clifton
752,Paramedic,Ron_Stevenson2384@dionrab.com,Ron Stevenson
753,Auditor,Wade_Lambert6185@dionrab.com,Wade Lambert
754,Healthcare Specialist,Chuck_Redwood541@dionrab.com,Chuck Redwood
755,Software Engineer,Denny_Long2498@infotech44.tech,Denny Long
756,Ambulatory Nurse,Ronald_Kerr1754@brety.org,Ronald Kerr
757,Software Engineer,Barney_Dillon8724@ubusive.com,Barney Dillon
758,Treasurer,Mike_Wise2726@iatim.tech,Mike Wise
759,Insurance Broker,Matthew_Dempsey7833@irrepsy.com,Matthew Dempsey
760,Global Logistics Supervisor,Livia_Ring8945@jiman.org,Livia Ring
761,HR Specialist,Benjamin_Oliver6663@qater.org,Benjamin Oliver
762,Design Engineer,Julian_Owen6841@ovock.tech,Julian Owen
763,Paramedic,Christine_Funnell9537@eirey.tech,Christine Funnell
764,Bellman,Nathan_Clifton9587@corti.com,Nathan Clifton
765,Bookkeeper,Teagan_Norburn2537@elnee.tech,Teagan Norburn
766,Design Engineer,Amy_Ingram84@zorer.org,Amy Ingram
767,Staffing Consultant,Marvin_Sawyer7299@bungar.biz,Marvin Sawyer
768,Food Technologist,Henry_Rigg8664@bulaffy.com,Henry Rigg
769,Inspector,Drew_Ballard5435@zorer.org,Drew Ballard
770,Machine Operator,Angelique_Ross5046@guentu.biz,Angelique Ross
771,Mobile Developer,Miley_Redfern8841@acrit.org,Miley Redfern
772,Fabricator,Kimberly_Eaton9511@irrepsy.com,Kimberly Eaton
773,Design Engineer,Daron_Bradshaw8132@infotech44.tech,Daron Bradshaw
774,Health Educator,Bethany_Harrison4519@twipet.com,Bethany Harrison
775,Global Logistics Supervisor,Hayden_Holmes9563@jiman.org,Hayden Holmes
776,Clerk,Ramon_Oldfield7013@tonsy.org,Ramon Oldfield
777,Production Painter,Savannah_Eddison6165@deavo.com,Savannah Eddison
778,Budget Analyst,Janelle_Hill7662@tonsy.org,Janelle Hill
779,Chef Manager,Daniel_Glass7169@deons.tech,Daniel Glass
780,Mobile Developer,Aurelia_Whinter6648@atink.com,Aurelia Whinter
781,Healthcare Specialist,Maxwell_Price7034@supunk.biz,Maxwell Price
782,Operator,Owen_Gilmour5907@gembat.biz,Owen Gilmour
783,Executive Director,Eve_Gilbert6450@bulaffy.com,Eve Gilbert
784,Cashier,Chuck_Mason3429@womeona.net,Chuck Mason
785,Insurance Broker,Manuel_Douglas2816@atink.com,Manuel Douglas
786,Dentist,Melania_Ward1638@acrit.org,Melania Ward
787,Physician,Denis_Jeffery8495@bulaffy.com,Denis Jeffery
788,IT Support Staff,Rosa_Hunter1978@yahoo.com,Rosa Hunter
789,Bookkeeper,Mabel_Crawford5076@gmail.com,Mabel Crawford
790,CNC Operator,Carter_Lewin2186@ovock.tech,Carter Lewin
791,Lecturer,Benny_Ogilvy9927@cispeto.com,Benny Ogilvy
792,Auditor,Caleb_Yang6635@nanoff.biz,Caleb Yang
793,Software Engineer,Alessia_Power349@guentu.biz,Alessia Power
794,Software Engineer,George_Ring6046@cispeto.com,George Ring
795,Loan Officer,Benny_Cooper7931@tonsy.org,Benny Cooper
796,Paramedic,Mackenzie_Warren1022@jiman.org,Mackenzie Warren
797,Dentist,Nick_Richardson4485@twipet.com,Nick Richardson
798,Operator,Livia_Clifton1258@qater.org,Livia Clifton
799,Business Broker,Eduardo_Brett9553@gompie.com,Eduardo Brett
800,Assistant Buyer,Elle_Rowlands2207@dionrab.com,Elle Rowlands
801,Electrician,Kendra_Pratt401@naiker.biz,Kendra Pratt
802,Restaurant Manager,Michael_Nicholls7103@infotech44.tech,Michael Nicholls
803,Ambulatory Nurse,Rihanna_Adams3278@sheye.org,Rihanna Adams
804,Mobile Developer,Erick_Haines6731@nimogy.biz,Erick Haines
805,Baker,Lindsay_Stewart5048@joiniaa.com,Lindsay Stewart
806,Healthcare Specialist,Manuel_Robinson3568@sheye.org,Manuel Robinson
807,Restaurant Manager,Kurt_Edwards7918@infotech44.tech,Kurt Edwards
808,Machine Operator,Domenic_Asher6292@gompie.com,Domenic Asher
809,Laboratory Technician,Paige_Moss6810@nickia.com,Paige Moss
810,Associate Professor,Marie_Poole744@nickia.com,Marie Poole
811,Associate Professor,Caitlyn_Nobbs9040@elnee.tech,Caitlyn Nobbs
812,HR Specialist,Sabrina_Ellwood1092@nanoff.biz,Sabrina Ellwood
813,Pharmacist,Raquel_Coll3979@ovock.tech,Raquel Coll
814,Cash Manager,Mandy_Jenkin3249@supunk.biz,Mandy Jenkin
815,Dentist,Oliver_Dickson1487@sveldo.biz,Oliver Dickson
816,Machine Operator,Barney_King4531@grannar.com,Barney King
817,Restaurant Manager,Logan_Exton8619@vetan.org,Logan Exton
818,Loan Officer,Janelle_Moss2388@iatim.tech,Janelle Moss
819,Chef Manager,Manuel_Richardson1430@naiker.biz,Manuel Richardson
820,Cook,Lindsay_Ainsworth1184@hourpy.biz,Lindsay Ainsworth
821,Banker,Hayden_Dixon6755@gmail.com,Hayden Dixon
822,Operator,Blake_Watson5221@liret.org,Blake Watson
823,Accountant,Havana_Alldridge8156@joiniaa.com,Havana Alldridge
824,Stockbroker,Susan_Jobson2483@brety.org,Susan Jobson
825,Assistant Buyer,Rae_Swan1919@bungar.biz,Rae Swan
826,Project Manager,Angelique_Saunders1420@bungar.biz,Angelique Saunders
827,Production Painter,Elisabeth_Sherry1408@supunk.biz,Elisabeth Sherry
828,Machine Operator,Mabel_Myatt9153@hourpy.biz,Mabel Myatt
829,Treasurer,Danny_Freeburn8938@bretoux.com,Danny Freeburn
830,Operator,Cadence_Owens6683@infotech44.tech,Cadence Owens
831,Bookkeeper,Esmeralda_Burnley5722@irrepsy.com,Esmeralda Burnley
832,Restaurant Manager,Natalie_Ingham3670@gembat.biz,Natalie Ingham
833,Global Logistics Supervisor,Carol_Clarkson9638@womeona.net,Carol Clarkson
834,Call Center Representative,Hailey_Bell9394@supunk.biz,Hailey Bell
835,Business Broker,Chester_Wallace9876@twipet.com,Chester Wallace
836,Biologist,Melania_Morrow8382@gmail.com,Melania Morrow
837,Design Engineer,Kenzie_Woods4220@sheye.org,Kenzie Woods
838,Service Supervisor,Leanne_Young3607@atink.com,Leanne Young
839,Budget Analyst,Josh_Ralph3007@yahoo.com,Josh Ralph
840,Bellman,Clarissa_Attwood4503@kideod.biz,Clarissa Attwood
841,IT Support Staff,Javier_Sheldon2609@bauros.biz,Javier Sheldon
842,Paramedic,Noah_Swan7101@iatim.tech,Noah Swan
843,Health Educator,Rebecca_Rodgers1265@dionrab.com,Rebecca Rodgers
844,Machine Operator,Sydney_Chester1184@elnee.tech,Sydney Chester
845,Dentist,Carmen_Daniells1039@typill.biz,Carmen Daniells
846,IT Support Staff,Cedrick_Knight1001@infotech44.tech,Cedrick Knight
847,Insurance Broker,Cameron_Ramsey2390@corti.com,Cameron Ramsey
848,Accountant,Denis_Brennan7893@guentu.biz,Denis Brennan
849,Fabricator,Noah_Dale3383@brety.org,Noah Dale
850,Accountant,Bryon_Benfield4725@tonsy.org,Bryon Benfield
851,Design Engineer,Enoch_Drake7562@eirey.tech,Enoch Drake
852,Electrician,Janice_Vangness4341@gmail.com,Janice Vangness
853,Associate Professor,Chris_Vinton7553@naiker.biz,Chris Vinton
854,Restaurant Manager,Josephine_Richards1059@ovock.tech,Josephine Richards
855,Systems Administrator,Kendra_Ralph9892@naiker.biz,Kendra Ralph
856,Service Supervisor,Parker_Sanchez2727@guentu.biz,Parker Sanchez
857,Restaurant Manager,Eden_Mason5261@sveldo.biz,Eden Mason
858,Budget Analyst,Olivia_Williams2835@deons.tech,Olivia Williams
859,Audiologist,Benny_Butler1387@bretoux.com,Benny Butler
860,Food Technologist,Sebastian_Shaw1813@infotech44.tech,Sebastian Shaw
861,Clerk,Kamila_Norburn6083@gompie.com,Kamila Norburn
862,Pharmacist,Stella_Bradley5559@vetan.org,Stella Bradley
863,HR Specialist,Mary_Furnell8512@grannar.com,Mary Furnell
864,Ambulatory Nurse,Rufus_Utterson9202@grannar.com,Rufus Utterson
865,Business Broker,Mya_Roth5164@jiman.org,Mya Roth
866,HR Coordinator,Chuck_Rossi4584@ovock.tech,Chuck Rossi
867,Project Manager,Carolyn_Johnson4379@liret.org,Carolyn Johnson
868,Call Center Representative,Bree_Roth3024@twace.org,Bree Roth
869,Machine Operator,Bridget_Bayliss5648@naiker.biz,Bridget Bayliss
870,Business Broker,Ilona_Seymour3144@cispeto.com,Ilona Seymour
871,Laboratory Technician,Bob_Stevens9432@muall.tech,Bob Stevens
872,Biologist,Michael_Spencer7576@typill.biz,Michael Spencer
873,Business Broker,Adalie_Skinner8878@jiman.org,Adalie Skinner
874,Investment  Advisor,Morgan_Stanton2708@naiker.biz,Morgan Stanton
875,Inspector,Noemi_Furnell1487@acrit.org,Noemi Furnell
876,Healthcare Specialist,Boris_Brown2998@bretoux.com,Boris Brown
877,Audiologist,Mayleen_Everett3340@nickia.com,Mayleen Everett
878,Bellman,Maggie_Tobin1061@kideod.biz,Maggie Tobin
879,Designer,Analise_Franks4615@dionrab.com,Analise Franks
880,Investment  Advisor,Manuel_Dixon5537@extex.org,Manuel Dixon
881,IT Support Staff,Chris_Norman3640@irrepsy.com,Chris Norman
882,Fabricator,Erick_Chapman5815@kideod.biz,Erick Chapman
883,IT Support Staff,Daniel_Lyon9951@eirey.tech,Daniel Lyon
884,Systems Administrator,Denis_Rose3225@infotech44.tech,Denis Rose
885,Loan Officer,Harvey_Trent7461@famism.biz,Harvey Trent
886,Inspector,Jackeline_Vane9016@zorer.org,Jackeline Vane
887,Ambulatory Nurse,Phillip_Knight2729@infotech44.tech,Phillip Knight
888,Doctor,Willow_Lucas8150@fuliss.net,Willow Lucas
889,Clerk,Leroy_Baker9215@sheye.org,Leroy Baker
890,Audiologist,Tony_King727@elnee.tech,Tony King
891,Ambulatory Nurse,Christine_Holmes1809@iatim.tech,Christine Holmes
892,Operator,Jazmin_Gates9407@mafthy.com,Jazmin Gates
893,Accountant,Joy_Eyres2240@sveldo.biz,Joy Eyres
894,Design Engineer,Percy_Kidd5305@nanoff.biz,Percy Kidd
895,Operator,William_Lyon5704@kideod.biz,William Lyon
896,Electrician,Johnny_Boden8350@zorer.org,Johnny Boden
897,HR Coordinator,William_Alcroft2271@infotech44.tech,William Alcroft
898,Business Broker,Adina_Adler140@mafthy.com,Adina Adler
899,Investment  Advisor,Alexa_Hastings1283@brety.org,Alexa Hastings
900,Operator,Hayden_Everett9696@ubusive.com,Hayden Everett
901,Chef Manager,Katelyn_Flack2907@eirey.tech,Katelyn Flack
902,Baker,Camila_Griffiths3153@ubusive.com,Camila Griffiths
903,Health Educator,Percy_Nobbs3514@elnee.tech,Percy Nobbs
904,Laboratory Technician,Alexander_Hogg8913@bretoux.com,Alexander Hogg
905,Machine Operator,Scarlett_Higgs8974@extex.org,Scarlett Higgs
906,Design Engineer,Emma_Rose3645@typill.biz,Emma Rose
907,Front Desk Coordinator,Harvey_Judd3885@muall.tech,Harvey Judd
908,Lecturer,Adalie_Mould9577@deavo.com,Adalie Mould
909,Designer,Shannon_Ellwood6805@qater.org,Shannon Ellwood
910,Restaurant Manager,Bob_Cobb8576@gompie.com,Bob Cobb
911,Electrician,Peter_Payne6293@infotech44.tech,Peter Payne
912,Front Desk Coordinator,Tyler_Richardson4575@extex.org,Tyler Richardson
913,Designer,Mandy_Hall3457@twipet.com,Mandy Hall
914,Design Engineer,Abdul_Thomson9829@brety.org,Abdul Thomson
915,Clerk,Marla_Gregory2025@gembat.biz,Marla Gregory
916,Machine Operator,Vera_Little6642@deavo.com,Vera Little
917,Lecturer,Doug_Williams4821@mafthy.com,Doug Williams
918,Cashier,Samantha_Moreno8228@cispeto.com,Samantha Moreno
919,Cashier,Logan_Graves6088@cispeto.com,Logan Graves
920,Service Supervisor,Johnathan_Dale125@famism.biz,Johnathan Dale
921,Accountant,Javier_Broomfield377@brety.org,Javier Broomfield
922,Baker,Emely_Upton235@bauros.biz,Emely Upton
923,Ambulatory Nurse,Hayden_Smith1810@nimogy.biz,Hayden Smith
924,Food Technologist,Joseph_Reynolds9830@guentu.biz,Joseph Reynolds
925,Project Manager,Rita_Vallins4391@naiker.biz,Rita Vallins
926,Health Educator,Ryan_Tutton6695@atink.com,Ryan Tutton
927,Treasurer,Brad_Mcgee304@kideod.biz,Brad Mcgee
928,Dentist,Jayden_Cox9078@liret.org,Jayden Cox
929,Biologist,Julius_Jacobs7535@yahoo.com,Julius Jacobs
930,Restaurant Manager,Nate_Hale4553@extex.org,Nate Hale
931,Physician,Eduardo_Connor76@vetan.org,Eduardo Connor
932,Health Educator,Fred_Haines7431@gmail.com,Fred Haines
933,Bellman,Nancy_Rothwell1497@bulaffy.com,Nancy Rothwell
934,Design Engineer,Carl_Sheldon3483@typill.biz,Carl Sheldon
935,HR Specialist,Evelynn_West6134@cispeto.com,Evelynn West
936,Restaurant Manager,Freya_Dunbar3519@grannar.com,Freya Dunbar
937,Cash Manager,Gil_Flynn8715@corti.com,Gil Flynn
938,Banker,Josh_Quinn5934@brety.org,Josh Quinn
939,Food Technologist,Liv_Richards6625@sveldo.biz,Liv Richards
940,Global Logistics Supervisor,Tony_Ellery5965@extex.org,Tony Ellery
941,Call Center Representative,Erick_Clifford8911@mafthy.com,Erick Clifford
942,Restaurant Manager,Carmella_Hill7796@qater.org,Carmella Hill
943,Loan Officer,Nick_Collins3764@joiniaa.com,Nick Collins
944,Systems Administrator,Makena_Uddin4774@vetan.org,Makena Uddin
945,Ambulatory Nurse,Camila_Victor3941@vetan.org,Camila Victor
946,Ambulatory Nurse,Chanelle_Rowlands7259@liret.org,Chanelle Rowlands
947,Cashier,Regina_Mills3070@elnee.tech,Regina Mills
948,Software Engineer,Barry_Burge5830@brety.org,Barry Burge
949,Associate Professor,Sabina_Thompson2085@typill.biz,Sabina Thompson
950,Bellman,Chester_Mason6851@cispeto.com,Chester Mason
951,Bookkeeper,Joseph_Power9931@supunk.biz,Joseph Power
952,Bookkeeper,Rihanna_Plant9436@dionrab.com,Rihanna Plant
953,Production Painter,Jamie_Williams8595@typill.biz,Jamie Williams
954,Front Desk Coordinator,Morgan_Matthews5841@nanoff.biz,Morgan Matthews
955,Executive Director,Hank_Warren4829@deavo.com,Hank Warren
956,Webmaster,Miriam_Ryan2168@womeona.net,Miriam Ryan
957,HR Specialist,Ron_Booth9941@typill.biz,Ron Booth
958,Chef Manager,Jayden_Bolton3692@mafthy.com,Jayden Bolton
959,Production Painter,Daphne_Keys7928@ubusive.com,Daphne Keys
960,Accountant,Hank_Ross8177@bretoux.com,Hank Ross
961,Investment  Advisor,Adalind_Flanders1496@elnee.tech,Adalind Flanders
962,Treasurer,Domenic_Lunt2953@qater.org,Domenic Lunt
963,Budget Analyst,Chadwick_Walsh2401@atink.com,Chadwick Walsh
964,Banker,Jaylene_Mason5822@zorer.org,Jaylene Mason
965,Global Logistics Supervisor,Olivia_Dyson8395@guentu.biz,Olivia Dyson
966,Dentist,Hank_Becker6396@brety.org,Hank Becker
967,Bellman,John_Tanner8608@grannar.com,John Tanner
968,Front Desk Coordinator,Nicholas_Richardson1997@liret.org,Nicholas Richardson
969,Assistant Buyer,Aurelia_Rust7277@zorer.org,Aurelia Rust
970,Production Painter,Ron_Woods9657@joiniaa.com,Ron Woods
971,Fabricator,Chuck_Young6048@gembat.biz,Chuck Young
972,Bookkeeper,Daniel_Noon4974@gembat.biz,Daniel Noon
973,Bellman,Henry_Moran3882@gembat.biz,Henry Moran
974,Doctor,Bob_Griffiths3530@twace.org,Bob Griffiths
975,Accountant,Florence_Richardson3772@yahoo.com,Florence Richardson
976,Dentist,Tyler_Gibbons1262@brety.org,Tyler Gibbons
977,Assistant Buyer,Joseph_Lewis6487@elnee.tech,Joseph Lewis
978,Accountant,Bristol_Reid1482@deavo.com,Bristol Reid
979,Doctor,Rebecca_Thomas8581@brety.org,Rebecca Thomas
980,Associate Professor,Samara_Coll6902@twipet.com,Samara Coll
981,Front Desk Coordinator,Lorraine_Sheldon5730@joiniaa.com,Lorraine Sheldon
982,Bellman,Cedrick_Gilmore1815@nimogy.biz,Cedrick Gilmore
983,IT Support Staff,Ryan_Rogan1614@yahoo.com,Ryan Rogan
984,Banker,Javier_Stanley5136@atink.com,Javier Stanley
985,Production Painter,Alexa_Hope9825@zorer.org,Alexa Hope
986,Global Logistics Supervisor,Matt_Ripley2383@twipet.com,Matt Ripley
987,Chef Manager,Madison_Irwin7016@twace.org,Madison Irwin
988,Audiologist,Angelique_Norburn9934@supunk.biz,Angelique Norburn
989,Insurance Broker,Roger_Davies9080@bauros.biz,Roger Davies
990,Retail Trainee,Melanie_Ebden683@infotech44.tech,Melanie Ebden
991,Operator,Andie_Bennett4123@elnee.tech,Andie Bennett
992,Food Technologist,Vanessa_Morrow974@brety.org,Vanessa Morrow
993,Fabricator,Maia_Farmer8305@dionrab.com,Maia Farmer
994,Cash Manager,Rick_Ingram1536@gembat.biz,Rick Ingram
995,Web Developer,Susan_Ainsworth3525@yahoo.com,Susan Ainsworth
996,Bookkeeper,Chadwick_Gonzales5946@qater.org,Chadwick Gonzales
997,Treasurer,Sabrina_Fisher8548@fuliss.net,Sabrina Fisher
998,Paramedic,Mason_Cox4571@sheye.org,Mason Cox
999,Dentist,Nina_Forester1396@naiker.biz,Nina Forester
1000,Front Desk Coordinator,Kamila_Allwood2221@gembat.biz,Kamila Allwood

